{"cameraMode":{"drawMode":0,"name":"Shaded","section":"Shading Mode"},"sceneLighting":true,"audioPlay":false,"sceneViewState":{"showFog":true,"showMaterialUpdate":false,"showSkybox":true,"showFlares":true,"showImageEffects":true,"showParticleSystems":true},"in2DMode":false,"pivot":{"x":-17.81885528564453,"y":7.633520126342773,"z":-20.420108795166017},"rotation":{"x":-0.24115119874477387,"y":0.48787400126457217,"z":-0.1423005759716034,"w":-0.8267967104911804},"size":21.86798667907715,"orthographic":false}