{"cameraMode":{"drawMode":0,"name":"Shaded","section":"Shading Mode"},"sceneLighting":true,"audioPlay":false,"sceneViewState":{"showFog":true,"showMaterialUpdate":false,"showSkybox":true,"showFlares":true,"showImageEffects":true,"showParticleSystems":true},"in2DMode":false,"pivot":{"x":-8.003981590270996,"y":-10.670426368713379,"z":108.78411865234375},"rotation":{"x":0.06593405455350876,"y":-0.02334493212401867,"z":0.0015431087231263519,"w":0.9975494742393494},"size":59.917423248291019,"orthographic":false}